,姓名,职称,联系方式,资料
0,['Alessandro Golombiewski Teixeira'],"['\r\n', '\r\n', '\r\n', '教授']","['电\xa0\xa0\xa0 话：', '电子邮件：']","['\xa0\xa0 Golombiewski Teixeira有丰富的政界任职经历。曾任巴西旅游部部长、工业与贸易部副部长、巴西工业发展机构主席，巴西出口与投资促进局主席、巴西总统特别经济顾问、世界投资促进机构协会主席。他还曾担任巴西国家发展银行的董事会成员达12年之久。', '\xa0\xa0 2008年Golombiewski Teixeira教授被英国金融时报评选为“拉丁美国年度风云人物”。他在2008年和2014年两度收获巴西最高荣誉，""Commend of Rio Branco”\xa0', '\xa0\xa0\xa0Professor Golombiewski Teixeira is a Professor of Public Policy at School of Public Policy and\xa0 Management at Tsinghua University and Professor of International Business at Schwartzman College also at Tsinghua University. ', 'Professor Golombiewski Teixeira has spent his last 20 years working in academia, government, international institutions, and private sector at the same time. Professor Golombiewski Teixeira has a unique background with a broad perspective in different areas such as Innovation and Industrial Policies, Development Policies, International Trade, Foreign Direct Investment, International Marketing among others. Dr. Golombiewski Teixeira has more than two decades of extensive teaching and research experience in Europe, Latin America, and North America, across different courses ranging from undergraduates to postgraduates. More recently he was a visiting Professor at Columbia University, Associate Senior Researcher at Denver University in the USA. He held different Lecturer and research position in University of Sussex (UK) and in Brazilian Universities such University of Sao Paulo, Federal University of Rio Grande do Sul among others.\xa0\xa0 ', '\xa0\xa0 Dr. Golombiewski Teixeira has a wealth of senior experience in policy-making in his home country, Brazil, Latin America and Internationally. For more than 15 years Dr. Golombiewski Teixeira has been at the forefront of initiatives holding high-level positions in the Brazilian Government and International Organizations with a very high profile and international exposure.', 'He was Minister in the Brazilian Ministry of Tourism, Deputy Minister of Development, Industry and Foreign Trade, President of Brazilian Agency for Industrial Development, President of the Brazilian Agency for Export and Investment Promotion and Special Economic Advisor to the President of Brazil President of RedIbero-American y Caribbean Agencies for Export Promotion and President of the World Association of Investment Promotions Agencies (WAIPA) both United Nations Affiliated Institutions.', '\xa0\xa0\xa0 Dr. Golombiewski Teixeira also has served as board member of the Brazilian National Development Bank for 12 years, National Energy Committee, National Science and Technology Committee, National Infrastructure Committee and in more than a dozen Brazilian and international private sector companies such as Klabin and Suzano Paper and Pulp Brazilian giants, Lupatech gas and oil International company, AES Electrical Power Corporation among many others.', 'Dr. Golombiewski Teixeira was in charge to elaborate, coordinate and oversee of Industrial, Innovation, International Trade and Foreign Direct Investment Policies in Brazil and several Trade and Investment bilateral and multilateral negotiations.', '\xa0\xa0\xa0 In 2008 Professor Golombiewski Teixeira was chosen Latin America Personality of the year by the British Newspaper Financial Times. He was knighted in 2008 and 2014 with highest Brazilian Commends ""Commend of Rio Branco"" the Brazilian government grants this command award to those who made relevant contributions to the country on the international stage and 2015 “Commend of National Defense” to acknowledge his military as well as civil substantial contribution to Brazil’s Development.']"
,姓名,职称,联系方式,资料
0,[' 陈 玲'],[],[],"['\r\n', '\r\n', '\r\n', '\r\n', '教育经历', '\xa02001.9-2005.6\xa0\xa0清华大学公共管理学院（公共管理学）\xa0管理学博士', '\xa01998.9-2001.6\xa0\xa0清华大学人文社科学院（经济学研究所）\xa0法学硕士', '\xa01994.9-1998.6 \xa0\xa0清华大学 中文系（新闻传播方向）\xa0\xa0文学士', '工作经历', '\xa02017.11-今\xa0\xa0清华大学公共管理学院\xa0\xa0\xa0长聘副教授、博导', '\xa02010.12-2017.10\xa0\xa0清华大学公共管理学院\xa0\xa0\xa0副研究员/副教授', '\xa02008.10-2010.11\xa0\xa0清华大学公共管理学院\xa0\xa0\xa0助理研究员', '\xa02005.7-2008.9\xa0\xa0清华大学公共管理学院\xa0\xa0\xa0博士后', '学术兼职', '\xa02005.7-2017.7\xa0\xa0清华大学产业发展与环境治理研究中心\xa0主任助理、副主任、主任', '\xa02005.7-2017.7\xa0\xa0清华大学中国科技政策研究中心\xa0\xa0兼职研究员', '\xa02011.5-2012.4\xa0\xa0美国圣地亚哥加州大学\xa0\xa0\xa0访问学者', '\xa02009.7\xa0\xa0\xa0法国格勒诺贝尔经济管理学院\xa0\xa0访问教授', '\xa0']"
,姓名,职称,联系方式,资料
0,['陈璐怡'],"['\r\n', '\r\n', '助理研究员', '中国工程科技发展战略研究院 研究人员']",[],"['\r\n', '\r\n', '\r\n', '\r\n', '担任国际期刊Journal of cleaner production、Environmental Innovation and Societal Transitions、Pigment & Resin Technology等SCI、SSCI杂志的审稿人 ']"
,姓名,职称,联系方式,资料
0,['陈济冬'],"['\r\n', '\r\n', '副教授', '普林斯顿大学博士']","['电\xa0\xa0\xa0 话：', '电子邮件：']","['\xa0\xa0\xa0\xa0\xa0\xa0\xa0\xa0 陈济冬，清华大学公共管理学院副教授，博士生导师。2007年本科毕业于武汉大学，2007年-2009年就读于清华经管学院，2009年-2015年就读于普林斯顿大学，2015年获博士学位。2015年-2019年任职于北京师范大学经济与工商管理学院。2019年获聘清华大学公管学院华宇冠名副教授，2020年获聘仲英青年学者。 ', '\xa0\xa0\xa0\xa0\xa0\xa0\xa0\xa0陈济冬围绕治理和发展的相关话题展开教学和研究，主要学术兴趣包括：制度分析、应用博弈论、社会科学实验方法等。研究成果发表于American Journal of Political Science, Journal of Politics, Political Science Research and Methods (The Journal of European Political Science Association), Journal of Comparative Economics、《世界经济》、《经济学报》、《公共行政评论》等期刊。 ']"
,姓名,职称,联系方式,资料
0,['陈思丞'],"['\r\n', '\r\n', '助理教授', '清华大学博士']","['电\xa0\xa0\xa0 话：', '电子邮件：']","['教育背景： ', '2012年获得中国农业大学经济管理学院管理学学士', '2012年获得北京大学国家发展研究院经济学双学士', '2016年获清华大学公共管理学院管理学博士学位', '工作经历： ', '2016至2019年，在清华大学公共管理学院/中国农村研究院从事博士后研究，', '2019年7月进入清华大学公共管理学院任教。 ', '主要研究领域：', '政策注意力竞争、政府组织变革与创新、公共政策分析']"
,姓名,职称,联系方式,资料
0,['陈天昊'],['副教授'],[],"['\xa0 \r\n', '\r\n']"
,姓名,职称,联系方式,资料
0,['程文浩'],['教授'],[],"['\xa0\xa0\xa0\xa0\xa0\xa0\xa0山东省滕州市人。1996年毕业于北京大学国际政治学系，2002年获耶鲁大学政治学博士学位。2003年春季学期在哈佛大学肯尼迪政府学院做访问学者。 ', '\xa0\xa0\xa0\xa0\xa0\xa0\xa0现为清华大学公共管理学院教授。曾担任清华大学苏世民书院副院长、中国监察学会常务理事、北京奥运会监督委员会委员等职。 ', '\xa0\xa0\xa0\xa0\xa0\xa0\xa0个人研究重点主要包括公共管理、政府管理、廉政建设等。出版理论专著《预防腐败》。在《中国社会科学》、China Review等中外核心期刊发表多篇学术论文。研究成果曾获得中央纪委监察部纪念中国共产党成立八十周年大会暨反腐倡廉理论研讨会优秀论文奖、中央纪委优秀调研成果奖、全国发改系统优秀成果奖、国家发改委机关优秀成果奖等奖励。 ', '\xa0\xa0\xa0\xa0\xa0\xa0\xa0主要讲授中英文《公共管理》课程。荣获清华大学新百年教学成就奖、北京市高校第六届青年教师教学基本功比赛文科组冠军、清华大学第三届青年教师教学大赛文科组冠军、清华大学教学成果一等奖（成员）、清华大学青年教师教学优秀奖等奖项。 ', '\xa0\xa0\xa0\xa0\xa0\xa0\xa0通信地址：100084 清华大学公共管理学院 电子邮件：Chengwh at tsinghua.edu.cn。 \r\n']"
,姓名,职称,联系方式,资料
0,['楚树龙'],['教授'],[],"['\xa0\xa0\xa0\xa0楚树龙现为清华大学公共管理学院教授、国际战略与发展研究所所长，外交部党校教授，中央电视台国际报道顾问，中美友协理事、亚太安全合作理事会中国委员会理事，海峡两岸研究中心兼职研究员。曾任中国现代国际关系研究所北美研究室主任、研究员，美国布鲁金斯学会、东西方中心高级访问研究员。 ', '\xa0\xa0\xa0\xa0楚树龙1978年在大连外国语学院获英语言文学学士学位，1985年获北京国际关系学院法学硕士学位，1993年获美国乔治・华盛顿大学政治学博士学位。 ', '\xa0\xa0\xa0\xa0楚树龙博士主要从事政治理论与哲学、国际关系与国际战略、美国政治与外交、中国外交及安全战略的教学与研究，著有《冷战后中美关系走向》、《国际关系基本理论》、《政治学概论》、《中国国家统一战略》、《中国外交战略和政策》、《美国政府和政治》（三卷本）等著作，并在国内外发表论文多篇。 ']"
,姓名,职称,联系方式,资料
0,['崔之元'],['教授'],[],"['\xa0\xa0\xa0\xa0现任清华大学公共管理学院教授（百人计划引进），博士生导师。1995年获美国芝加哥大学政治学博士学位，曾任教于美国麻省理工学院（MIT）政治学系（1995-2002）和在德国柏林高等研究中心，哈佛大学法学院从事研究，并兼任美国康奈尔大学法学院杰出访问讲座教授(2007-2008)。主要研究兴趣在政治经济学，法律经济学和政治哲学领域。著有“看不见的手的范式的悖论”（经济科学出版社），“制度创新与第二次思想解放”（牛津大学出版社）,“可持续的民主”等中英文著作，和黄平共同主编“中国与全球化：华盛顿共识还是北京共识”（社会科学文献出版社）并是哈佛大学法学院昂格尔教授著作读本 “Politics: The Central Text”英文版的编者。2018年7月起担任Holberg奖的国际评委。 ', '主要研究领域: ', '政治经济学，国有企业改革与民营化，宏观经济政策，政府体制改革，财税体制改革 ', '个人网页：', ' ']"
,姓名,职称,联系方式,资料
0,[],[],[],[]
,姓名,职称,联系方式,资料
0,['戴亦欣'],['\xa0\xa0 副教授'],[],"['\r\n', '\r\n', '\r\n', '\r\n', '\r\n', '， 清华大学公共管理学院副教授，公共政策所副所长，中国清华大学科技政策研究中心副主任。 戴亦欣2007年获得美国锡拉丘兹大学公共管理博士学位, 2006年至2007年在南伊利诺伊州大学爱德华兹威尔分校任讲师。同年底回到清华大学任教至今。主要研究方向为创新治理与公共政策研究，在低碳技术创新、开放式创新和政策执行领域从事深入研究。曾获北京市科委“优秀人才培养计划”支持。 ', '戴亦欣主持国家自然科学基金青年项目、清华大学自主科研项目等10项基础性研究课题，并参与“973”、科技部专项基金等研究。成果发表在《中国人口・资源环境》、《中国软科学》、《科学学研究》、《城市发展研究》、《哈佛商业评论（中文）》、Climate Policy、Journal of Public Policy Analysis and Management等杂志，是《公共管理评论》、 “Journal of Technology Transfer”, “Public Budget & Finance” , “Science and Public Policy” 多家学术期刊的匿名评审专家。 ', '\xa0', '创新治理，可再生能源的创新政策，低碳治理，研究方法，公共管理基本理论 ', ' ', '公共政策分析（英文授课， IMPA 硕士学科基础课） ', '公共管理思想史（中文授课，公共管理博士生学科基础课） ']"
,姓名,职称,联系方式,资料
0,['邓国胜'],['教授，现任副院长'],[],"['\r\n', '：非营利组织管理前沿、社会组织管理与评估、公共管理前沿等。 ', '：社会创新与乡村振兴、公益慈善、绩效评估与能力建设。 \r\n', '\xa0\xa0\xa0\xa0\xa0\xa0\xa0清华大学公共管理学院教授、博士生导师，清华大学公共管理学院副院长、公共管理学院社会创新与乡村振兴研究中心主任。1999年毕业于中国人民大学，法学博士。 ', '\xa0\xa0\xa0\xa0\xa0\xa0\xa0主要社会兼职有中国社会治理研究会常务理事、全国政府绩效管理研究会常务理事、中国机构编制管理研究会常务理事等。曾担任过世界银行首届和第二届中国发展市场项目监测与评估专家、“CCTV慈善之夜”专家委员会委员等。 \r\n', '\xa0']"
,姓名,职称,联系方式,资料
0,[],[],[],[]
,姓名,职称,联系方式,资料
0,['桂天晗'],"['\r\n', '\r\n', '助理教授', '佛罗里达大学博士']","['电\xa0\xa0\xa0 话：', '电子邮件：']","['\r\n', '\xa0\xa0\xa0\xa0\xa0 桂天晗，清华大学公共管理学院助理教授。佛罗里达大学（University of Florida）社会学博士，魁北克大学蒙特利尔分校（Université du Québec à Montréal）社会学硕士，北京外国语大学法语专业文学学士。加入清华前曾在联合国人口基金会（UNFPA）纽约总部、联合国开发计划署（UNDP）纽约总部以及联合国秘书处调查司（UN-OIOS）从事项目评估工作。现主要研究方向为海外发展援助，发展/援助项目评估，社会性别。', '\xa0\xa0\xa0\xa0\xa0 喜欢古典音乐，喜欢阿根廷探戈，喜欢动物，喜欢德云社。']"
,姓名,职称,联系方式,资料
0,['过 勇'],['\xa0'],[],"['\r\n', '\r\n', '\r\n', '\r\n', '\r\n', '\r\n', '\xa0\xa0\xa0\xa0\xa0过勇教授现任清华大学党委副书记、公共管理学院教授、廉政与治理研究中心主任。同时担任国家监委特约监察员、中国监察学会常务理事、国际反腐败学院理事会副主席、透明国际中国会员组织秘书长、G20反腐败工作组中国政府特邀专家等职务。', '2002年11月至2003年4月，在香港政策研究所做访问研究员；', '2003年7月至2004年6月，在国务院发展研究中心做研究助理；', '2014年2月至2015年8月在哈佛大学肯尼迪政府学院做访问学者。', '研究重点主要包括公共管理、行政体制改革、廉政与治理等。先后出版《中国国家廉政体系研究》《经济转轨、制度与腐败》《中国县级纪检监察机关改革研究》《腐败测量》等专著。在China Quarterly，China Review，《政治学研究》《经济社会体制比较》《公共行政评论》等权威中英文核心刊物上发表学术论文50余篇；发表内参报告40余篇，多篇报告被中央领导批示。', '开设课程：腐败的政治经济学、中国政府运作', '\xa0 ']"
,姓名,职称,联系方式,资料
0,['高宇宁'],[],[],"['\xa0\xa0\xa0\xa0高宇宁博士，清华大学公共管理学院副教授，国情研究院副研究员。剑桥大学经济学博士，清华大学管理学硕士、工学学士。兼任留欧/留英中国经济学会主席，中国系统工程学会社会经济系统工程专业委员会常务理事，英文SSCI期刊Structural Change and Economic Dynamics编委。曾访问日本名古屋大学经济学院，担任英国伦敦大学学院巴特莱特学院荣誉副教授。主要研究领域包括国际经济与国际发展研究、资源与环境经济政策研究。', '主要开设课程包括合开博士课程《国际发展与全球治理》、《经济学原理（2）》，主讲英文硕士课程《中国经济发展与政策》获评清华大学研究生精品课程，教育部“第二期来华留学英语授课品牌课程”。', '个人曾获得北京市高校第十届青年教师教学基本功比赛一等奖，2015年度北京市优秀工程咨询成果奖一等奖等荣誉，2019年获聘清华大学华宇（讲席）副教授。']"
,姓名,职称,联系方式,资料
0,[],[],[],[]
,姓名,职称,联系方式,资料
0,['韩廷春'],['政府研究所 \xa0\xa0 教授、博士生导师'],[],"['\r\n', '【个人简介】', '清华大学公共管理学院经济学教授、博士生导师。', '1979年至1986年就读于山东大学数学系，分别获理学学士和理学硕士学位。1998年毕业于中国社会科学院数量经济与技术经济研究所，获经济学博士学位。1999年至2000年在北京大学中国经济研究中心做博士后研究。曾于90年代初赴澳大利亚访学，并于2005年下半年赴美国哈佛大学进行访问研究。 ', '教学领域主要为经济学、定量研究方法等。先后为研究生、MPA、高级研修班等主讲了“宏观经济形势与政策分析”、“管理经济学”、“宏观经济学”、“公共经济学”、“社会研究方法”、“定量研究方法II”等课程。 ', '研究领域包括经济增长、金融发展、金融生态等。先后在《世界经济》、《中国工业经济》、《公共管理评论》、《清华大学学报》等重要学术刊物上发表论文三十余篇。主持完成了国家自然科学基金、清华大学等多项研究课题。', '曾荣获全国MPA优秀教师、清华大学研究生精品课程、清华大学年度教学优秀奖、清华大学教育培训教学贡献奖等奖项。 ']"
,姓名,职称,联系方式,资料
0,['胡鞍钢'],[],[],"['\r\n', '\r\n', '\r\n', '\r\n', '\xa0\xa0\xa0\xa0\xa0\xa0胡鞍钢，1953年生，现任清华大学国情研究院院长，清华大学文科资深教授、公共管理学院教授、博士生导师，在国内外享有盛誉的国情研究（当代中国研究）的开拓者和领军人物之一。他先后兼任国家“十一五”、“十二五”、“十三五”规划专家委员会委员等社会职务。他创建并领导清华大学国情研究院，于2015年入选首批25家国家高端智库建设试点单位；从1998年至今，他主编《国情报告》，向中央领导同志和省部级主要负责人累计提供1500余期，先后获得党和国家领导人批示上百次，对国家发展重要决策产生持续影响。 ', '\xa0\xa0\xa0\xa0\xa0\xa0\xa0 1988年获中国科学院工学博士学位；1991-1992年美国耶鲁大学经济学系博士后研究；2004年俄罗斯科学院远东研究所授予荣誉经济学博士。 ', '\xa0\xa0\xa0\xa0\xa0\xa0\xa0 胡鞍钢先后在美国麻省理工学院人文学院国际研究中心（1997年）、香港中文大学经济学系（1998年）、日本庆应义塾大学公共管理学院（2000年）、美国哈佛大学肯尼迪政治学院（2001年）、法国社会科学与人文学院中国研究中心（2003年）、世界银行发展研究院（2004年）、哥伦比亚大学东亚研究所（2005年）、日本东京工业大学文明研究中心（2006年）、日本早稻田大学亚洲研究中心（2007年）、英国牛津大学中国研究中心（2012年）、美国纽约大学中国研究中心（2018年）等做访问教授或研究员。 ', '\xa0\xa0\xa0\xa0\xa0\xa0\xa0 胡鞍钢先后获得荣誉有：“突出贡献的中国博士学位学者”（国家教育委员会、国务院学位委员会授予，1991年）、国家杰出青年科学基金获得者（国家自然科学基金委员会，1994年）、中国科学院科技进步一等奖（中国科学院，1996年）、中国科学院科技进步一等奖（中国科学院，1997年）、国家科技进步三等奖（1998年）、第九届孙冶方经济科学论文奖（2000年）、复旦管理学杰出贡献奖（2008年）、第七届中国高校人文社会科学研究优秀成果奖二等奖（教育部，2015年）。 ', '\xa0\xa0\xa0\xa0\xa0\xa0\xa0 胡鞍钢在中国社会科学期刊发表引用及影响力十分突出。根据百度学术的统计，到2018年7月，被引频次数为19754次；H指数为68；G指数为126；根据《（二）经济学排行榜| 中国哲学社会科学最有影响力学者分学科排行榜分析报告：基于中文论文的研究（2017版）》，按6个指标（分别是2012-2016年核心期刊论文发表数量（TN）、他引总量（CN）、论文下载量（DN）、H指数 、AR指数 和高被引论文篇数），胡鞍钢是经济学学科最有影响力学者之一。 ', '\xa0\xa0\xa0\xa0\xa0\xa0 美国布鲁金斯学会理事会主席约翰・桑顿评价道：胡鞍钢教授作为政府智库经常向中国领导层直接提出建议，还广泛接受中央和地方政府的政策咨询。政府采纳他的五年规划建议作为调节经济政策的路线图。他给人的印象是既善于分析问题，又具有十足的感染力，而且他的思想非常活跃，精力异常旺盛。他不知疲倦地在寻找数据，并从中发现深刻问题，总是在思考未来和预测未来。没有任何一个中国思想者像他这样准确地预测了国家发展的方向和速度。当他确定的时候，他会很勇敢地提出来。他更关注总体上正确，不纠缠于细枝末节的正误。他很可能是当代中国最全面也是最具务实主义的经济学家。 ', '【开设课程】中国国情与发展；中国改革与发展――社会主义经济理论与实践；中国经济发展与政策', '【研究方向】经济学、公共管理和国情研究']"
,姓名,职称,联系方式,资料
0,['胡振通'],"['\r\n', '\r\n', '助理教授', '中国农业大学博士']","['电\xa0\xa0\xa0 话：', '电子邮件：']","['\r\n', '\xa0\xa0\xa0\xa0\xa0\xa0\xa0\xa0胡振通，清华大学公共管理学院助理教授，清华大学中国农村研究院助理研究员。2016年获得中国农业大学区域经济学博士学位，2016至2018年，在清华大学公共管理学院/中国农村研究院从事博士后研究，2018年11月进入清华大学公共管理学院任教。 ', '\xa0\xa0\xa0\xa0\xa0\xa0\xa0\xa0主持和参与多项国家和部委委托课题；发表学术论文二十余篇；发表《“三农”决策要参》等内参十余篇，多篇获得领导批示。 ', '主要研究领域：农业与农村政策、环境经济与政策、自然资源管理 ', '具体研究兴趣：环境与发展，生态补偿，草原治理、地下水治理 ']"
,姓名,职称,联系方式,资料
0,[],[],[],[]
,姓名,职称,联系方式,资料
0,['贾西津'],['副教授'],[],"['\xa0\xa0\xa0\xa0\xa0\xa0\xa0\xa02001年获得北京大学法学博士，专业为社会学理论与方法；1998年获得北京医科大学临床医学（七年制本硕连读）学士、硕士，1996－1998年在北京医科大学精神卫生研究所主修社会精神医学方向。分别曾在哈佛大学、英国伦敦经济学院、香港中文大学做访问学者。 ', '\xa0\xa0\xa0\xa0\xa0\xa0\xa0\xa0现为清华大学公共管理学院副教授，清华大学公益慈善研究院副院长。研究方向为公共伦理、公民社会与治理。研究重点包括观念史、社会转型、社会创新、社会治理创新、境外非政府组织、社会组织的法律政策、财富善予、公民社会国际比较等。主要讲授课程公共事务伦理（已开设慕课）、国家与社会等。 ', '\xa0\xa0\xa0\xa0\xa0\xa0\xa0\xa0兼任China Nonprofit Review主编，联合国开发计划署（UNDP）全球环境小额资助项目（GEF SGP）中国国家指导委员会成员，自然之友公益基金会、社区参与行动、上海映绿公益事业发展中心、上海映绿公益发展基金会、上海复恩社会组织法律服务中心、浙江省红石慈善基金会的理事，四川海惠助贫服务中心监事。 ']"
,姓名,职称,联系方式,资料
0,['江小涓'],[],[],"['\r\n', '\r\n', '\r\n', '\r\n', '\r\n', '\r\n', '江小涓，清华大学公共管理学院教授、博士生导师、院长。', '1989年在中国社会科学院获经济学博士学位。', '1989-2004年在中国社会科学院工业经济研究所、科研局和财贸经济研究所做研究工作，曾任工经所研究室主任和财贸所党委书记、所长。', '2004年-2018年在国务院工作，先后担任国务院研究室副主任和国务院副秘书长，负责教育、科技、文化、卫生、体育、妇女儿童、民族宗教等方面的相关工作。\xa0 ', '2018年3月起，任全国人大常委、社会建设委员会副主任委员。现任清华大学公共管理学院院长，中国行政管理学会会长。兼任中国社会科学院研究生院教授。\xa0 ', '【研究方向、研究成果和学术奖励】\xa0', '\xa0主要研究领域包括经济发展、产业结构、国际经济和公共政策。在国内外刊物发表过100多篇学术论文，出版过多部学术专著。其中，发表在“中国社会科学”、“经济研究”、“管理世界”等刊物上的论文超过20篇。']"
,姓名,职称,联系方式,资料
0,[],[],[],[]
,姓名,职称,联系方式,资料
0,['李保明'],[],[],"['\r\n', '\r\n', '\r\n', '1985年毕业于南开大学，获得学士学位；1988年毕业于上海交通大学，获得硕士学位；2000年毕业于山东大学，获得博士学位。', '1988-2002年，山东大学经济学院工作；2002-2004年，清华大学公共管理学院博士后研究；2004年以后，清华大学公共管理学院和台湾研究院工作，任职副教授；2004年12月至2005年11月，美国加州大学（Santa Barbara）和南加州大学经济系访问学者；2011年5月-6月，美国哈佛大学肯尼迪学院访问学者。', '现为清华大学公共管理学院政府管理与创新研究所副教授、台资企业研究中心主任，主要从事台湾经济与两岸经贸、产业与区域发展、博弈与合作理论方面的研究。讲授课程：公共经济学（MPA）、经济学原理（学术研究生）、博弈思维与科学决策讲座、两岸产业与经济发展讲座等。']"
,姓名,职称,联系方式,资料
0,['李应博'],[],[],"['\r\n', '\r\n', '\r\n', '\r\n', '\r\n', '\r\n', '\xa0\xa0\xa0\xa0\xa02000年本科毕业于中国农业大学经济管理学院，2005年毕业于中国农业大学经济管理学院。2005年进入清华大学公共管理学院从事博士后研究工作。2007年博士后出站后留在学院工作，在清华大学台湾研究所任职。2010年晋升为副教授。2012年曾参加美国哈佛大学肯尼迪政府学院参加领导力培训项目。2014年至2015年美国加州大学伯克利分校访问学者。', '\xa0', '\xa0\xa0 现任职于清华大学公共管理学院全球治理与发展研究所副教授，清华大学台湾研究院副教授。曾担任《国家中长期科技发展规划纲要》中期评估组专家，中国工程科技发展战略研究院成员清华大学科技政策研究中心成员。现担任中国软科学研究会理事，海峡科技与产业期刊编委会委员， 科技进步与对策（CSSCI）和自然科学学报（CSSCI）期刊评审专家，国际双向匿名期刊Structural Change and Economic Dynamics （SSCI）评审专家。', '\xa0\xa0 ', '\xa0\xa0 主要研究专长为区域经济、区域治理、科技政策、产业创新。主持完成包括国家自然科学基金、国家社会科学基金、教育部规划课题、科技部软科学课题等各类基金课题多项。在国内外学术期刊发表论文多篇。出版著作多部。曾获得全国首届信息化优秀成果奖、中国区域科学协会年会论文奖、全国台湾研究优秀成果奖（论文类）、教育部科学技术研究成果奖（人文社科类）著作奖、青海省海西蒙古族藏族自治州优秀调研成果特等奖等奖项。在光明网、香港中评社、中国科学报、第一财经日报等媒体上发表评论文章。作为首都各界代表参加了人民大会堂举行的《告全国台湾同胞书》发表40周年纪念大会。主持和参加了包括国家发改委、民盟中央、民革中央、台湾工商协进会等资助的一批两岸对台研究课题。曾直接参与国家对海西区平潭岛建设的政策调研和咨询工作，提交的报告获得国务院台办经济局的批示。提交给智库中心的成果报送给国家相关部门并获得采纳意见。']"
,姓名,职称,联系方式,资料
0,['梁 正'],['教授'],[],"['【个人简况】 ', '\xa0\xa0\xa0\xa0\xa0\xa0\xa0\xa0山西太原人，1993年进入南开大学经济学系，先后被免试推荐攻读硕士、博士研究生。2003年7月毕业于南开大学，获经济学博士学位，同时进入南开大学国际商学院工作，历任讲师、副教授。2003年10月在职进入清华大学公共管理学院从事博士后研究，2006年9月进入清华大学公共管理学院任教（期间2012年1月到10月，作为富布莱特研究访问学者在美国麻省理工学院工业生产率中心从事研究工作）。现任清华大学公共管理学院教授，清华大学中国科技政策研究中心副主任，清华大学科技发展与治理研究中心学术委员会秘书长，兼任中国科学学与科技政策研究会理事，中国国际科学技术合作协会理事，《科学与管理》、《中国标准化》杂志编委，《中国软科学》《经济评论》《科学学与科学技术管理》《中国科技论坛》等杂志匿名审稿人，国家自然科学基金委管理学部公共管理学科评议人。 ', '\xa0\xa0\xa0\xa0\xa0\xa0\xa0\xa0迄今为止，已在National Science Review, Journal of Informetrics, International Journal of Technology Management，《世界经济》，《中国软科学》，《人民日报》《光明日报》等国内外知名学术期刊和报刊媒体上发表论文超过60篇，出版个人专著1部，合著5部（含编著），其他著作25部（书籍章节或论文集，含英文著作5部），参编教材3部，参译译著2部。著作和论文先后获魏埙经济科学奖、谷书堂基金奖，“上海图书奖”一等奖，天津市第九届人文社科优秀成果三等奖，第七届高等学校科学研究优秀成果奖（管理学二等奖）等多项奖励。 ', '\xa0\xa0\xa0\xa0\xa0\xa0\xa0\xa0承担博士研究生专业方向课“公共政策理论与实践前沿”，MPA核心课“公共政策分析”，MPA专业课“公共政策前沿”等课程教学；作为客座教师，参与中国科学院中丹科教中心（SDC）创新管理硕士项目（MSc in Innovation Management）课程(全英文)，中国科学院大学《中国特色社会主义理论与实践研究》研究生课程教学工作。 ', '\xa0\xa0\xa0\xa0\xa0\xa0\xa0\xa0担任国家创新调查制度咨询专家组专家（2014-2017），中美创新对话专家组专家（2015-2018），《国家中长期科学和技术发展规划纲要（2006-2020年）》实施情况中期评估专家组专家（2013-2014），参与完成国家中长期科技发展规划战略研究，中科院知识创新工程试点评估、科技部―OECD合作中国国家创新体系研究，国家自然科学基金“十二五”、“十三五”发展规划战略研究多项国家级重大咨询和国际科技合作重点课题。主持国家社会科学基金重大研究专项，国家自然科学基金重点项目（子课题）、面上项目、应急项目，国家软科学研究计划项目，以及科技部、教育部、发改委、商务部、国家知识产权局等部委，加拿大国际发展研究中心（IDRC）、亚洲开发银行等国际机构，微软公司、三星公司、NEC公司、华为公司，腾讯公司，西门子公司，日立公司等企业委托课题近70项。多次代表中国出席OECD科技政策理事会、亚太经合组织（APEC）研究与创新论坛等重要国际会议。 \r\n', '【主要研究方向】 ', '研发全球化、国家创新系统理论与实践、科技政策、创新管理、标准与知识产权，新兴技术及其治理 ', '\xa0']"
,姓名,职称,联系方式,资料
0,['刘求实'],['副教授、NGO研究所副所长'],[],"['\r\n', '\r\n', '\r\n', '\r\n', '【', '】公共政策实验研究；公共政策决策机制研究；人群动态交互行为的理论与实验研究；事业单位管理体制改革；非政府组织/非营利组织管理；公共管理的伦理与哲学基础 ', '【', '】 ', '刘求实，1985年获北京师范大学物理系理学学士学位，1988年获北京师范大学哲学系科学技术哲学硕士学位。1988至1996年在清华大学科技与社会研究所任讲师、副教授，1996至1998年任清华大学21世纪发展研究院副教授，兼任院长助理。1998年赴日本留学,于2003年获东京工业大学社会理工学研究科学术博士学位。2003年4月回国任清华大学公共管理学院副教授，兼任NGO研究所副所长。2010.9-2011.8在哈佛大学肯尼迪学院（Harvard Kennedy School）做访问学者。 ', '【', '】 ', '组织理论（Ｉ），论文写作（MPA），社会科学研究方法（Ｉ），非营利与公共事业管理前沿 ', '【', '】 ', '国际第三部门研究学会（The International Society for Third-Sector Research, ISTR, ', ' ）理事（2011-2014） ', '明德公益研究中心理事 ', '联合国全球基金中国艾滋病项目技术顾问委员会委员 ', '中国性病艾滋病防治协会理事 ', '北京青少年发展基金会理事 ']"
,姓名,职称,联系方式,资料
0,['刘生龙 '],['副教授'],[],"['\r\n', '\r\n', '【工作经历 】']"
,姓名,职称,联系方式,资料
0,['刘志林'],[],[],"['\r\n', '\xa0\xa0\xa0\xa0\xa0刘志林，博士，清华大学公共管理学院长聘副教授，政治与公共政策所所长。分别于1999年和2002年获得北京大学城市与区域规划学士学位和人文地理学硕士学位，2002年赴美国康奈尔大学留学，2007年获得城市与区域规划博士学位，2007年8月进入清华大学公共管理学院任教。主要研究领域包括：城市规划与公共治理、公共政策、城市社会地理、住房政策与社区治理、流动人口城市融入、可持续城市化，特别是结合公共政策与城市治理理论对中国的可持续城市化与城市社会公平开展实证与政策研究。', '2007年以来，主持包括2项国家自然科学基金项目（“中国大城市低收入者居住困境的空间格局及制度透视”，批准号：40801056；“快速城市重构背景下社区变迁与转型的非正式制度过程与机理：基于社会资本的理论视角”，批准号：41571153）的科研课题共8项，作为子课题负责人或主要成员参与了国家自科基金、国家社科重点基金、十二五科技支撑计划、科技部973课题、中国工程院重大咨询课题等多个有关城市发展与转型、应对气候变化相关的研究课题。', '先后担任清华大学新型城镇化研究院、城市研究院和未来城镇与基础设施研究院等校级研究院副院长、国际中国规划学会（International Association of China Planning）执委会委员、中国城市规划学会区域规划与城市经济学术委员会委员、中国地理学会青年地理学工作委员会副主任，以及北京大学-林肯研究院土地政策与城市发展研究中心兼职研究员。担任Policy Design and Practice期刊副主编，Housing Studies (SSCI)、Urban Affairs Review (SSCI) 和Journal of Urban Affairs (SSCI)期刊编委。', '已发表英文学术论文23篇（其中SSCI论文16篇），已发表中文期刊学术论文43篇（CSSCI收录33篇），出版专译著3本、9篇中文著作章节及多部政策咨询报告。曾获得中国地理学会第十四届青年地理科技奖（2017年）和清华大学学术新人奖（2014年） \r\n', '主要承担课程： ', '社会科学研究方法II\xa0博士生（必修课）', '社会研究方法\xa0本科生（必修课）', '社会研究方法\xa0MOOC（', '）', '城市发展与管理\xa0博士生选修课', '公共政策理论与实践前沿\xa0博士生选修课', '论文设计与写作（英文）\xa0国际发展硕士MID；国际公共管理硕士IMPA', '应用社会研究方法（英文）\xa0国际发展硕士MID；国际公共管理硕士IMPA', '公共管理中的定量方法（英文）\xa0国际发展硕士MID；国际公共管理硕士IMPA', '定量研究方法（英文）\xa0国际发展硕士MID', '城市规划与发展\xa0MPA专业课', '发展规划：理论与实践\xa0MPA专业课 \r\n']"
,姓名,职称,联系方式,资料
0,['吕孝礼'],[],[],"['【个人简介】', '吕孝礼，山东蓬莱人，清华大学应急管理研究基地副主任、政府管理与创新研究所副所长、行为与大数据实验室执行主任。2005年开始在危机与应急管理及公共组织等领域开展研究，已发表多篇中英文期刊文章，出版英文专著Managing uncertainty in crisis。主持的科研项目包括国家自科基金面上项目和新冠疫情专项项目、教育部人文社科青年项目、北京社科基金一般项目、应急管理部、中国地震局以及北京市地震局等科研项目。同时担任<Disasters>, <Risk, Hazards & Crisis in Public Policy>，<Journal of Risk Analysis and Crisis Response>,《风险灾害危机研究》等四本期刊编委，以及中国应急管理学会理事、公共安全科学技术学会应急管理专委会秘书长、中国医学救援协会公共卫生分会常务理事、多个城市应急管理专家组成员等社会兼职。也是 “中国应急管理50人论坛-青年分论坛”及暑期学校联合发起人。曾获第8届高校科研优秀成果奖（人文社科）青年成果奖、北京市应急管理领域青年学科带头人、荷兰/比利时公管最优博士论文提名奖、仲英青年学者等奖项。曾于2019年春季学期在哈佛大学肯尼迪学院开展访问研究，入选英国埃塞克斯大学联合国教科文组织访问研究员。目前主要研究兴趣包括危机研判（战略层与操作层）、视频分析方法等。', '特别欢迎对多模态分析和视频分析、统计分析或对危机管理和公共组织研究感兴趣的同学加入研究团队开展研究。', '【教育背景】', '\xa02014 荷兰乌特勒支大学公共治理学院 公共管理博士学位', '\xa02007 哈尔滨工业大学管理学院管理科学与工程专业 管理学硕士学位', '\xa02005 哈尔滨工业大学管理学院工程管理专业 管理学学士', '【开设课程】\xa0', '\xa0公共管理（MPA）；', '\xa0Public Organization and Management (IMPA/BRI)；', '\xa0应急管理理论（博士生）', '\xa0质性研究方法II （博士生、合开）', '【主要奖励】\xa0', '\xa02020.01\xa0 第8届高校科研优秀成果奖（人文社科）青年成果奖', '\xa02019.12\xa0首届北京市应急管理领域青年学科带头人', '\xa02019.11\xa0 华宇副教授', '\xa02019.07\xa0清华大学优秀硕士论文指导教师', '\xa02019.09\xa02019年清华大学精品课程《公共管理》（3/4）', '\xa02017.12\xa0国家精品在线开放课程《公共危机管理》（4/6）', '\xa02016.12 - 2019.11\xa0首届仲英青年学者', '\xa02015.12\xa0北京市优秀人才培养资助项目青年骨干人才', '\xa02015.10\xa02014荷兰/比利时Van Poelje公共管理最优博士论文提名奖', '\xa02009.06\xa0第34届Annual Natural Hazards Research and Application Workshop年度最佳学生论文', '【部分社会兼职】', '\xa02021.05-2025.06\xa0\xa0 编委\xa0\xa0 Journal of Risk Analysis and Crisis Response', '\xa02020.10-\xa0\xa0\xa0 常务理事\xa0\xa0 中国医学救援协会公共卫生分会', '\xa02020.07-\xa0\xa0 编委\xa0\xa0 Disasters\xa0', '\xa02017.08 -\xa0\xa0 编委\xa0 Risk, Hazards & Crisis in Public Policy', '\xa02016.02-\xa0 组委会成员\xa0The 1st, 2nd, & 3rd Conference of International Network of Disaster Studies', '\xa02015.06 -\xa0\xa0 编委\xa0《风险灾害危机》集刊', '\xa02015.12 -\xa0\xa0 理事\xa0 中国应急管理学会', '\xa02014.12 -\xa0 委员/秘书/秘书长\xa0公共安全科学技术学会应急管理专业委员会', '\xa02014.11 -\xa0\xa0 联合发起人\xa0\xa0 中国应急管理50人论坛青年分论坛及暑期学校', '\r\n']"
,姓名,职称,联系方式,资料
0,[],[],[],[]
,姓名,职称,联系方式,资料
0,['梅赐琪'],['副教授'],[],"['\r\n', '\r\n', '\r\n', '\r\n', '\r\n', '\xa0\xa0\xa0\xa0\xa0\xa0\xa0\xa02009年加入清华大学公共管理学院。研究兴趣聚焦于中国中央地方关系的若干核心理论问题。先后开设政治学、中国政府与政治（英文），公共管理研究方法（英文），论文设计与写作（英文），社科研究方法(I，英文)等课程。 \r\n', '主要研究领域：中央地方关系；干部管理体制；政策创新与政策执行 \r\n', '希望招收的学生类型：始终好奇，对简单逻辑有警惕，跟拯救世界保持距离。 ', '\xa0\xa0\xa0 \xa0 ', '教育经历： \r\n', '\r\n', '\xa0\xa0\xa0 \xa0 ', '\xa0\xa0\xa0 \xa0 ', '\xa0\xa0\xa0 \xa0 ']"
,姓名,职称,联系方式,资料
0,['蒙克'],"['\r\n', '\r\n', '副教授', '牛津大学博士 ']",[],"['【教育背景】', '\r\n', '\r\n', '\r\n', '\r\n', '【工作经历】', '\r\n', '\r\n', '\r\n', '【研究方向】', '政治经济学（CPE & IPE）、国际关系、社会政策与公共政策 \r\n', '【开设课程】 ', '社会学II（博士生），定性研究方法II（博士生），比较公共政策（博士生），Sociology & Social Policy（MID/SDG，英文），Global Affairs（苏世民书院，英文），Research Methods（苏世民书院，英文） \r\n', '【奖励表彰】', '\r\n', '\r\n', '\r\n', '\r\n', '\r\n', '\r\n', '\xa0', '\xa0', '\xa0', '\xa0']"
,姓名,职称,联系方式,资料
0,['孟庆国'],['教授'],[],"['\xa0\xa0\xa0\xa0\xa0\xa0\xa0 \r\n', '\r\n', '\r\n', '\xa0\xa0\xa0\xa0\xa0\xa0\xa0 清华大学公共管理学院教授、博士生导师，教育部“长江学者”特聘教授。现任清华大学中国电子数据治理工程研究院院长、清华大学国家治理研究院执行院长、清华大学互联网治理研究中心主任、清华大学国际人工智能研究院首席专家、清华大学公共管理与决策科学实验室（未来治理实验室）主任，中央党校（国家行政学院）兼职教授。', '\xa0\xa0\xa0\xa0\xa0\xa0\xa0 1997年毕业于清华大学，获工学博士学位，后入清华大学管理科学与工程流动站从事博士后研究。1999年留校，在清华大学公共管理学院从事教学和科研工作，先后聘为讲师（1999年）、副教授（2000年）、教授（2006年）。期间，2003-2004年在哈佛大学肯尼迪政府学院做访问学者。自2001年，还先后担任清华大学文科建设处副处长、清华大学公共管理学院副院长、党委书记、清华大学文科建设处处长等职务。', '\xa0\xa0\xa0\xa0\xa0\xa0\xa0 目前还兼任国家电子政务专家委员会委员、中国-欧盟数字经济与网络安全专家工作组成员、中国电子信息行业联合会数据与治理专业委员会会长、中国行政体制改革研究会常务理事兼学术委员会委员、中国行政体制改革研究会行政文化委员会副会长、中国机构编制管理研究会常务理事、中国信息协会大数据专家委员会副主任委员、中关村大数据产业联盟副理事长，以及北京市大数据工作推进专家组副组长、浙江省政府数字化转型专家委员会委员等10余个省的电子政务或大数据专家委员会委员等社会职务。', '\xa0\xa0\xa0\xa0\xa0\xa0\xa0 主要研究领域包括：数字时代的政府治理、电子政务与数字政府、政府数据治理与智慧治理等。', '\xa0', '\xa0\xa0\xa0\xa0\xa0\xa0\xa0\xa0 ']"
,姓名,职称,联系方式,资料
0,['孟延春'],['副教授'],[],"['\xa0\xa0\xa0\xa0清华大学公共管理学院副教授，北京市行政区划研究会常务理事，北京市城市管理研究会理事，北京市行政法学研究会理事。1987年、1995年、1998年先后在北京大学获得理学学士、理学硕士、理学博士学位，1998-2000年清华大学21世纪发展研究院博士后。2002年赴美国加州州立大学访问学者(Visiting Scholar)3个月；2005年赴美国哈佛大学访问研究(Fellow Researcher)12个月。长期从事“区域发展与产业规划研究”、“城市规划和城市发展研究”、“城市管理”、“低碳城市”以及相关方向的教学与科研工作；开设课程包括《现代城市治理》、《发展战略与规划》、《城市经济学》等。 ', '主要研究领域：城市与区域发展、城市治理、区域战略规划、公共管理。 ', '承担课程：城市经济学、非营利组织及公共部门战略营销、信息技术与应用。 ', '学术社会兼职：北京市行政区划学会常务理事、邯郸市委市政府高级决策顾问。 ']"
,姓名,职称,联系方式,资料
0,[],[],[],[]
,姓名,职称,联系方式,资料
0,['潘洁'],"['\r\n', '\r\n', '博士 清华大学公共管理学院教授', '环境政治与政策、可持续发展与全球治理、区域环境合作、香港政制转型 ']","['电\xa0\xa0\xa0 话：', '电子邮件：']","['\r\n', '\r\n', '\r\n', '\r\n', '\r\n', '\r\n', '\r\n', '\r\n', '\r\n', '\r\n', '\r\n', '\r\n', '\r\n', '\xa0【教育经历】', '\xa0', '【工作经历】', '\xa0', '【学术兼职】']"
,姓名,职称,联系方式,资料
0,['彭宗超'],[],[],"['\r\n', '\xa0\xa0\xa0 ', '【开设课程】主要有公共政策分析、公共危机管理等。 ', '【研究方向】主要研究方向是公共政策、应急管理、卫生应急、社会风险治理等。', '\xa0\xa0\xa0\xa0\xa0\xa01999年北京大学政治学理论专业比较政治学方向博士毕业，1999-2001年在清华大学21世纪发展研究院从事博士后研究，2006-2007年曾赴哈佛大学肯尼迪政府学院从事危机管理方面的访问研究。 \r\n', '\r\n', '\xa0\xa0\xa0\xa0\xa0 现任清华大学社会组织与社会治理研究所教授，现任清华大学公共管理学院党委书记、清华大学应急管理研究基地主任、清华大学中国社会风险评估研究中心主任、清华大学国家治理研究院副院长。 兼国家卫健委突发公共卫生事件应急专家委员会委员，中国行政管理学会副会长，中国应急管理学会常务理事。 \r\n']"
,姓名,职称,联系方式,资料
0,[],[],[],[]
,姓名,职称,联系方式,资料
0,['齐 晔'],['教授'],[],"['【工作简历】 ', '齐晔，清华大学公共管理学院教授, 国务院学位委员会学科评审委员。1994年获美国纽约州立大学环境科学与森林学院（SUNY-ESF）及Syracuse大学哲学博士，专业：环境科学。1995年3月，于加州大学圣地亚哥分校完成博士后研究。其后，在康奈尔大学理论中心任研究员。1996－2003年，执教于美国伯克利加州大学环境科学、政策与管理系，建立生态系统管理实验室。2001年入选教育部与李嘉诚基金会特聘教授，２００４年入选清华大学“百人计划”特聘教授。 ', '【研究领域】 ', '资源环境政策与管理；全球气候变化，生物多样性，可持续发展理论 ,方法与政策。 ', '【教学活动】 ', '公共政策分析（硕士生课程） ', '公共政策分析（MPA-E课程） ', '科技、环境与社会政策（博士生课程） ', '战略思维与决策（MPA-E课程） ', '中国环境与可持续发展（Syracuse大学交流学生课程） ']"
,姓名,职称,联系方式,资料
0,[],[],[],[]
,姓名,职称,联系方式,资料
0,['汝 鹏 '],"['\r\n', '\r\n', '副教授', '清华大学博士']","['电\xa0\xa0\xa0 话：', '电子邮件：']","['\xa0 \r\n', '\xa0\xa0\xa0\xa0\xa0\xa0\xa0 2001年毕业于清华大学热能系，获学士学位；2004、2009年分别于清华大学公共管理学院，获公共管理学硕士、博士学位，期间于2007年至2008年公派美国哈佛大学肯尼迪政府学院，师从美国总统科技顾问John Holdren教授。在学期间曾担任全国学联副主席，清华大学研究生会主席、研究生团委副书记。', '\xa0\xa0\xa0\xa0\xa0\xa0\xa0 2009-2010年在清华大学公共管理学院担任博士后研究员。2011年-2014年在清华大学公共管理学院任助理教授、副教授、清华大学科技-教育发展战略研究中心主任助理，并任清华大学党委组织部副部长、党校办公室主任。2014年至2019年历任厦门市委办公厅秘书处处长，厦门市发展和改革委员会项目前期工作处处长、综合处处长、发展规划处处长（同时主持城镇化与区域协调处工作），沈阳市发展和改革委员会体改处处长、综合处处长（挂职）。2019年至今任清华大学智库中心主任助理、副研究员，清华大学公共管理学院副教授。', '\xa0\xa0\xa0\xa0\xa0\xa0\xa0 担任国家新一代人工智能社会实验总体专家组办公室主任、中国知识产权研究会高校知识产权专业委员会委员等学术兼职。', '\xa0\xa0\xa0\xa0\xa0\xa0\xa0 曾获《国家中长期科技发展规划纲要（2006-2020）》战略研究重要贡献奖、教育部高等学校科学研究优秀成果奖（人文社会科学）二等奖；北京市三好学生、北京市优秀学生干部、清华大学优秀党建与思想政治工作者、清华大学林枫辅导员奖等荣誉和奖励。']"
,姓名,职称,联系方式,资料
0,[],[],[],[]
,姓名,职称,联系方式,资料
0,['沈群红'],['副教授'],[],"['主要研究领域： 管理、组织理论与组织变革、创新与知识管理 ', '博士，副教授，主要研究领域为：创新管理与组织知识合作，组织变革、专业人员的开发与管理。 ', '开设研究生课程人力资源开发与管理、公共部门人力资源管理、专业人员生涯管理以及组织理论。 ', '担任公共管理人力资源管理、医院战略性人力资源管理以及企业人力资源管理方面的培训课程主讲教师。 ', '负责完成国家自然科学基金青年项目“组织能力的生成及其对企业创新绩效影响的实证分析”和中国博士后科学基金课题“跨国公司在华研发机构与中国创新组织之间技术合作的实证研究”。参与国家自然科学基金项目“跨国公司在华战略技术联盟演进与管理的理论与实证研究”、“EDI环境下企业寻求经营优势的理论研究”、“中国企业国际化进程中的人力资源开发与管理研究”研究工作以及“ 科技全球化及其对中国发展的影响”、“跨国公司研发全球化及其对中国科技发展的意义”。 ', '近期正在从事国家自然科学基金委项目 “科学基金绩效分析”的研究工作以及医院变革与医院人力资源管理，特别是医院临床药师胜任特征与薪酬设计等方面的自选研究工作。 ', '与薛澜教授合作发表《战略技术联盟研究的基本问题及其新进展》（《经济学动态》2001年第6期）、《跨国公司在中国设立研发机构的影响因素分析》（《科研管理》2001年第4期）；与肖渡教授合作发表《合作网络形成的理论探讨及其意义》（《管理工程学报》2000年第4期）；与胡汉辉教授合作《组织知识理论的发展与结构》（《管理工程学报》1999年第1期）、《西方知识资本理论及其应用》（《经济学动态》，1998年第7期）。 ', '独立发表《国际研发合作及对我国的影响》、《效率工资理论及其对我国企业激励制度改革的启示》、《高技术企业研发人员激励的主要方法与原则》、《中国高技术企业研发人员需要特征分析》等论文。 ', '近年来以第二作者的身份出版《知识企业与知识管理》（南京大学出版社2000）、《知识时代的企业合作经营》（北京大学出版社2000）。担任《中国科技发展研究报告（2000）》编审组工作。 ', '1989年于东南大学社会科学系获经济学学士，1992年于东南大学人文学院获政治学硕士， 1999年于南京大学获管理学博士学位。于1992年－1999年，任教于东南大学。1999年－2001年于清华大学管理科学与工程博士后流动站担任助理研究员，从事科技政策与知识管理领域的研究工作。2001年，进入清华大学公共管理学院从事教学与科研工作。 ']"
,姓名,职称,联系方式,资料
0,['苏 竣'],['教授'],[],"['\r\n', '\r\n', '\r\n', '\xa0\xa0\xa0\xa0苏竣教授为教育部特聘教授，现任清华大学科教政策研究中心主任，兼任清华大学智库中心（筹）主任、清华大学中国科技政策研究中心副主任。苏竣教授享受国务院特殊津贴，是教育部公共管理类学科专业教学指导委员会副主任、教育部科技委管理学部委员，入选国家百千万人才工程，并被授予有突出贡献中青年专家称号。 ', '\xa0\xa0\xa0\xa0苏竣教授曾在哈佛大学肯尼迪政府学院科学与国际事务中心（Belfer Center for Science and International Affairs, Harvard Kennedy School）做访问学者，在国际著名公共政策专家Lewis M. Branscomb教授指导下进行公共政策研究。苏竣教授现为哈佛大学肯尼迪政府学院兼职研究员、美国塔夫茨大学弗莱彻学院兼职研究员。苏竣教授是“清华-哈佛低碳发展与公共政策国际研讨会”系列会议中方主席。 ', '\xa0\xa0\xa0\xa0苏竣教授长期从事创新理论与公共政策教学与研究工作，讲授《公共政策分析》、《公共政策设计与评估》以及《创新理论与科技政策》等研究生课程。他先后主持国家自然科学基金重点项目、国家自然科学基金国际合作重点项目等科研项目多项，在《Nature》等国际学术期刊上发表学术文章多篇，独著《公共科技政策导论》被多所高等院校作为研究生教材，并合著有《Innovation and Collaboration for a Harmonious World》、《投资于国家未来:大学基础研究的理论与实证研究》、《大学与产业合作关系概论：中国大学知识创新及科技产业研究》、《中国高等学校国际科技合作与交流战略研究》，编著工具书《中国科技政策要目概览(1949-2010年)》。 ', '\xa0\xa0\xa0\xa0苏竣教授先后获得高等学校科学研究优秀成果（人文社会科学）二等奖两次（2009年、2015年）、第三届全国教育科学优秀成果三等奖（2006年）、清华大学优秀教学成果一等奖（2006年）、国家中长期科学和技术发展规划（2006-2020）纲要战略研究重要贡献奖（2004年）、清华之友―优秀教师一等奖（1998年），入选北京市新世纪社科理论人才百人工程（2001年），还曾获得清华大学先进工作者（2012年）、清华大学优秀党员等表彰。', '主要研究领域：公共科技政策、公共政策分析、能源创新政策、全球治理理论等 ']"
,姓名,职称,联系方式,资料
0,[],[],[],[]
,姓名,职称,联系方式,资料
0,['唐啸'],['副教授'],[],"['\r\n', '\r\n', '\r\n', '\r\n', '\r\n', '\r\n', '\r\n', '\xa0\xa0\xa0\xa0\xa0\xa0唐啸，清华大学公共管理学院副教授，国情研究院副研究员，清华大学仲英青年学者。', '\xa0\xa0\xa0\xa0\xa0\xa02006年进入清华大学法学院学习，2010年获法学学士学位，2010年进入清华大学大学公共管理学院学习，2015年获管理学博士学位。', '\xa0\xa0\xa0\xa0\xa0\xa0先后承担和参与国家、有关部委及地方 “十一五”规划、“十二五”规划、“十三五”规划多项重大课题。发表中英文学术论文十余篇；发表《国家高端智库报告》和《国情报告》等核心内参二十多篇，多次获党和国家领导人批示。', '\xa0\xa0\xa0\xa0\xa0\xa0个人专著获全国优秀博士后学术成果奖', '\xa0\xa0\xa0\xa0\xa0\xa0博士论文获首届夏书章公共管理学院优秀博士论文奖（全国共3人）', '\xa0\xa0\xa0\xa0\xa0\xa0个人获清华大学优秀博士后（十佳），清华大学优秀博士毕业生，美国华人百人会英才奖，清华大学特等奖学金等奖励。', '主要研究领域：五年规划、环境治理，央地关系，官员激励；']"
,姓名,职称,联系方式,资料
0,['王洪川'],"['\r\n', '\r\n', '助理教授', '清华大学博士']","['电\xa0\xa0\xa0 话：', '电子邮件：']","['\r\n', '\xa0\xa0\xa0\xa0\xa0\xa0\xa0\xa0王洪川博士，清华大学公共管理学院助理教授，清华大学国情研究院助理研究员，清华大学智库中心助理研究员。2015年毕业于清华大学公共管理学院，获管理学博士学位，2013-2014年在哈佛大学担任访问学者。 ', '\xa0\xa0\xa0\xa0\xa0\xa0\xa0\xa0研究方向主要包括公共服务与治理，社会国情与发展规划，包容性增长与政策等。先后承担和参与国家“十二五”规划、国家“十三五”规划、健康中国2030、中国教育现代化、国家高端智库建设等多项课题。已发表中英文学术论文十余篇；发表《国情报告》等核心内参二十多篇，多次获党和国家领导人批示，多篇研究成果获有关部门采纳。在人民日报、光明日报、经济日报等媒体发表文章十余篇。曾获北京市优秀毕业生、国家发展研究奖学金、西南联大国采奖学金等。 ']"
,姓名,职称,联系方式,资料
0,['王 名'],['教授'],[],"['主要研究领域：社会组织与社会治理，公益慈善，NGO与公民社会 ', '【个人简况】 ', '\xa0\xa0\xa0\xa01997年3月毕业于日本名古屋大学国际发展学院获博士学位，1998年4月回国到清华大学任教至今。1998年10月成立清华大学NGO研究中心任主任，迄今一直从事与NGO相关的学术研究、政策研究、教学及人才培养。现任清华大学公益慈善研究院院长，NGO研究所所长，明德公益研究中心理事长，《中国非营利评论》（中英文杂志）主编，第10届、11届、12届全国政协委员，全国政协社会与法制委员会委员，国务院职能转变评估专家组成员，中国民主建国会中央委员，国家民政部专家委员会委员，中国社会组织促进会副会长，中国社会治理研究会副会长、中国残疾人福利基金会副理事长，增爱公益基金会副理事长，中国扶贫基金会、中国消费者协会、友成企业家扶贫基金会、香江社会救助基金会、北京自然之友公益基金会等社会组织理事，香港理工大学、澳门科技大学等大学兼职教授。 ', '【主要开设课程】 ', '《非营利组织管理》（MPA核心）、《社会治理创新》（MPA选）、《国家与社会》（博）、《NGO与社会治理》（博）、《公益筹款》（选）等。 ']"
,姓名,职称,联系方式,资料
0,['王庆新'],[],[],"['\r\n', '1984年厦门大学本科毕业之后赴美留学， 获得美国哥伦比亚大学西方哲学硕士和纽约州立大学布法罗分校政治学博士。', '1993-1994年在美国普林斯顿大学威尔逊国际与公共事务学院的国际问题研究所任博士后研究员', '1995-1998在新加坡国立大学政治学系任教', '1998-2008年在香港大学政治与公共行政学系任教', '2008年夏天加入清华大学。研究方向包括国际关系，东亚政治，政治哲学，和儒家思想。', '已发表三十多篇中英文论文和专著，包括一本英文专著和一本中文专著。', '\r\n']"
,姓名,职称,联系方式,资料
0,['王亚华'],['教授，现任副院长'],[],"['\r\n', '\r\n', '\r\n', '\r\n', '\r\n', '\r\n', '\r\n', '\r\n', '\r\n', '\r\n', '\r\n', '\r\n', '\r\n', '\r\n', '\r\n', '\r\n', '\r\n', '\r\n', '\r\n', '\r\n', '\r\n', '【个人简介】 ', '\xa0\xa0\xa0\xa0\xa0\xa0\xa0现任清华大学公共管理学院长聘教授、博士生导师、副院长，清华大学中国农村研究院副院长。先后在清华大学获工学学士、管理学硕士和博士，在美国印第安纳大学跟随诺贝尔经济学奖得主埃莉诺？奥斯特罗姆（Elinor Ostrom）教授做访问学者。兼任国际公共事物学会（IASC）中国区协调人，《国际公共事物学报》(International Journal of the Commons)编委，为水利部、自然资源部、农业农村部等多个国家部委及世界自然基金会、世界资源研究所、世界银行等国际机构提供学术咨询。 ', '\xa0\xa0\xa0\xa0\xa0\xa0\xa0致力于吸收借鉴西方社会科学前沿成果，发展适合中国国情的制度分析与公共管理理论和方法，探索中国公共治理和政策问题的解决之道。主要学术特色是以转型期中国公共治理为主线，围绕水管理和乡村治理问题开展了大量跨学科研究，学术成果产生了显著学术影响，并对国家相关政策制定产生积极影响，是中国水公共管理领域的代表性学者以及公共事物治理新学科方向的和开拓者。主要学术兴趣是研究公共事物(Commons)治理和政策过程，探索中国国情条件下的公共治理集体行动理论，研究对象涉及自然资源、生态环境、区域发展、乡村治理、社区治理及新经济等政策领域。 ', '\xa0\xa0\xa0\xa0\xa0\xa0\xa0已在国内外重要刊物发表学术论文150篇，部分论文发表在《管理世界》、《世界经济与政治》、《经济研究》、《经济学（季刊）》、《经济社会体制比较》、《中国软科学》、《中国人口.资源与环境》等中文权威学术期刊，以及Science、World Development、Water Resources Research、Water Resources Management、Agricultural Water Management、Land Use Policy、International Journal of the Commons等顶级英文期刊收录。提交各种内参报告近百件，大量刊载于《国情报告》、《三农决策要参》、《行政改革内参》、《经济要参》等高级内参，大量成果获领导批示或应用采纳。已出版学术专著与合著10部，参与著作（含书籍章节）40多部。研究成果在Web of Science科学引文索引数据库和CNKI中国引文数据库中被大量引用。 ', '\xa0\xa0\xa0\xa0\xa0\xa0\xa0主持承担各类国家基金和部委委托课题50余项，其中作为项目负责人主持国家自然科学基金项目3项，国家社会科学基金项目2项（含重大课题1项），国家重大水专项子课题1项，国家重点研发计划子课题1项，国家高端智库课题5项目，水利部委托项目6项（含重大课题1项）。科研成果获省部级以上奖励8次，其中连续四届获中国高校人文社会科学研究优秀成果奖（累计5次获奖：两次排名第1，两次排名第3）。 ', '\xa0\xa0\xa0\xa0\xa0\xa0\xa0作为主讲教师承担清华大学公共管理学院课程《社会主义经济理论与实践》、《社会主义建设理论与实践》、《中国国情概论》、《公共管理前沿》、《公共政策前沿》等教学工作，累计授课逾千学时。教学成果曾获清华大学优秀教材一等奖、清华大学教学优秀成果一等奖等奖励。先后指导公共管理博士后及博、硕研究生百余名，多人获清华大学优秀博士后和校级学位论文奖。 ', '\xa0\xa0\xa0\xa0\xa0\xa0\xa0曾入选教育部“新世纪优秀人才支持计划”，北京市中青年社科理论人才“百人工程”，获评清华大学“学术新人奖”、“先进工作者”、“优秀博士后”， “优秀博士学位论文奖”和“研究生学术新秀”。 ', '\xa0\xa0\xa0\xa0 ', '\xa0\xa0\xa0\xa0 ', '【主要研究领域】 ', '中国国情与区域发展 ', '公共事物治理与公共政策 ', '资源环境管理与水治理 ', '乡村振兴与农村研究 ', '新经济与大数据公共治理 ', '【曾获荣誉奖励】 ']"
,姓名,职称,联系方式,资料
0,['王有强'],['教授'],[],"['【个人简况】 ', '\xa0\xa0\xa0\xa0清华大学公共管理学院教授、博士生导师， 清华大学中国公共领导力研究中心主任，清华大学中国发展规划研究中心常务副主任。 曾任清华大学公共管理学院常务副院长、党委书记，杭州市委副秘书长（挂职），浙江清华长三角研究院副院长。长期从事公共经济学、政府管理、领导力、发展战略、城市规划与管理等领域的教学与研究。主要英文学术论文发表于经济学和管理学的国际一流学术期刊，中文学术论文发表于《中国行政管理》、 《公共管理学报》等中文权威学术期刊，课题研究报告《深化行政管理体制改革问题研究》获第六届“高等学校科学研究优秀成果奖（人文社会科学）”。 作为负责人完成了国家自然科学基金重点项目《中国政府部门的结构与运作研究》。 作为中方负责人发起与瑞士洛桑国际管理发展学院的合作，参与研究编制《世界竞争力年度报告》。 ', '【开设课程】 ', '全英文课《领导科学与艺术》， MPA《公共管理》，博士生《经济学原理》。 ', '【研究方向】 ', '主要研究领域：公共经济学、政府治理、领导力、城市规划与治理、发展战略 ']"
,姓名,职称,联系方式,资料
0,['吴维旭'],['\xa0'],[],"['\r\n', '【个人简介】 ', '\xa0\xa0\xa0\xa0\xa0\xa0\xa0上海交通大学管理学博士，清华大学公共管理博士后研究（2015-2018），现任公共管理学院政府管理与创新研究所、台湾研究院助理教授/助理研究员。个人曾获上海交通大学优秀毕业生，部分研究成果入选蔡定剑宪法学优秀论文奖、全国台湾研究优秀成果奖，相关研究获清华大学博士后支持计划、全国博士后科学基金、国家社科基金、清华大学文科自主项目资助。']"
,姓名,职称,联系方式,资料
0,['巫永平'],['教授'],[],"['教育背景 ', '巫永平分别于1984年和1987年获北京大学历史学学士、硕士，1993年前往荷兰留学，2001年获荷兰莱顿大学哲学博士。1996-1997年和1997-1998年为撰写博士论文两度赴台湾研究，成为首位持大陆护照在台湾大学注册的博士生。 ', '工作履历 ', '1987-1993年，任北京大学历史系助教、讲师，同时担任北京大学世界现代化进程研究中心主任助理，2001至2002年，在哈佛大学肯尼迪政府学院从事博士后研究，2002年4月回国进入清华大学公共管理学院任教，同时担任主编，创办《公共管理评论》。2007年5月开始任清华大学公共管理学院副院长。 ', '研究领域 ', '政府与市场、产业政策、地方政府与区域经济发展、国有企业改革、台湾政治与经济、两岸关系 ', '研究领域与研究兴趣：比较政治经济学、政府-市场关系、公共政策的政策形成过程、国有企业改革、台湾政治与经济、两岸关系。在教学方面，正在教授的课程有：政治学、政府与市场、制度创建与经济发展。 ', '奖励与荣誉 ', '2005年入选教育部“新世纪优秀人才支持计划”。 ']"
,姓名,职称,联系方式,资料
0,[],[],[],[]
,姓名,职称,联系方式,资料
0,['薛 澜'],[],[],"['\xa0\xa0\xa0\xa0 薛澜，1991年，获美国卡内基梅隆大学工程与公共政策博士学位，其后受聘担任美国乔治华盛顿大学助理教授。1996年，回国任教于清华大学，2000-2018年，他曾先后担任清华大学公共管理学院副院长，常务副院长，院长。2018年9月起担任清华大学苏世民书院院长，同时兼任清华大学工程科技战略研究院副院长，清华大学中国科技政策研究中心主任，清华大学可持续发展研究院联席院长。', '研究领域包括：公共政策与公共管理，科技创新政策，危机管理及全球治理，并在这些领域中多有著述。', '兼任国务院公共管理学科评议组召集人，国家战略咨询与综合评估特邀委员会委员、新一代人工智能治理专业委员会主任、经济合作与发展组织(OECD)科学、技术和创新顾问委员会委员、美国卡内基梅隆大学兼职教授，美国布鲁金斯学会非常任高级研究员、联合国可持续发展网络（SDSN）领导委员会联合主席等。曾获国家自然科学基金委员会杰出青年基金、教育部“长江学者”特聘教授，复旦管理学杰出贡献奖，中国科学学与科技政策研究会杰出贡献奖等。']"
,姓名,职称,联系方式,资料
0,[],[],[],[]
,姓名,职称,联系方式,资料
0,['鄢一龙'],['副教授'],[],"['\xa0\xa0\xa0\xa0\xa0\xa0\xa0\xa0鄢一龙，清华大学公共管理学院副教授，清华大学国情研究院副院长。 从事发展规划的政策研究与学术研究，承担执行发展规划多项重大课题，出版多部相关著作。 从事中国道路、制度与中长期战略研究，探索中国学术话语构建，出版多部相关著作。 ', '【主要研究领域】 ', '五年规划，中国道路、制度与战略 ']"
,姓名,职称,联系方式,资料
0,['杨永恒'],"['\r\n', '\r\n', '\r\n', '教授、博士生导师， 副院长', '\xa0\xa0\xa0', '清华大学中国发展规划研究院\xa0\xa0\xa0\xa0\xa0\xa0\xa0\xa0\xa0\xa0\xa0\xa0执行副院长']",[],[]
,姓名,职称,联系方式,资料
0,['杨竺松'],[],[],"['\r\n', '\r\n', '\r\n', '\r\n', '\r\n', '\r\n', '\xa0', '山西大同人，2006年进入清华大学电机工程与应用电子技术系学习，2010年获工学学士学位并进入清华大学大学公共管理学院学习，2016年1月获管理学博士学位并在清华大学公共管理学院从事博士后研究工作至2018年末。', '\xa0', '研究领域包括干部管理体制、党的领导体制、区域发展、发展规划与战略、国家软实力等。作为项目负责人先后承担清华大学国家高端智库自主立项、自主科研及地方政府委托横向项目等研究课题10余项；作为主要研究人员先后参与国家高端智库年度重点研究课题，国家发改委“十二五”、“十三五”、“十四五”规划课题和地方省级、地市级横向课题10余项。在《政治学研究》、《清华大学学报（哲学社会科学版）》、《红旗文稿》、Journal of Comparative Policy Analysis等SSCI/CSSCI期刊和《人民日报》等权威媒体发表学术论文或评论文章30余篇；通过《清华大学智库报告》、《清华大学信息》、《国情报告》等各类内参渠道上报政策研究报告30余篇，其中多篇获党和国家领导人批示或被中央有关部门采纳。出版学术著作1部，博士学位论文入选第七批“中国社会科学博士后文库”（2018）。曾获北京市高校优秀毕业生、北京市优秀学生干部等荣誉。']"
,姓名,职称,联系方式,资料
0,['殷存毅'],['教授、博士生导师'],[],"[' ', '\xa0\xa0\xa0\xa0 清华大学公共管理学院教授、博士生导师，清华大学台湾研究院常务副院长。南开大学经济学院区域经济学专业获经济学博士学位，多伦多大学（1998）、荷兰莱顿大学（2008）访问学者。兼任荷兰亚洲研究院规制与治理研究中心（IIAS Center for Regulation and Governance）研究员、中国区域科学协会常务理事、国务院台办海峡两岸关系研究中心研究员、国家发改委/国台办两岸产业合作大陆专家咨询小组召集人、国家社科基金评审专家库专家、中国和平统一促进会理事、全国台湾研究会理事、昆山产业创新研究院副院长。主持国家社会科学基金、国家部委及地方政府委托研究课题二十余项。 \r\n', '\xa0\xa0\xa0\xa0 ', ' ', '\xa0\xa0\xa0\xa0主要研究领域包括： ', ' 重点研究央-地关系与区域发展、特殊经济区管理体制与产业发展和技术创新。 ', '重点研究两岸经济合作体制、两岸产业与供应链。 \r\n', ' ', ' ：《区域发展与政策》、《公共经济学》等； ', ' ：《中国统一与台湾问题》等。 ']"
,姓名,职称,联系方式,资料
0,['殷成志'],[],[],"['\r\n', '\xa0\xa0', '\xa0\xa0\xa0 殷成志为清华大学公共管理学院副教授、博士生导师。曾任清华大学政策研究室副主任（挂职）。现担任清华大学公共管理学院英文项目学术主任。人文地理学（城市与区域规划方向）理学博士、建筑学（城市规划方向）工学博士（Dr. �CIng.）。清华大学苏世民书院（Schwarzmann College）硕士生导师。德国洪堡学者（德国联邦总理学者），欧盟伊拉莫斯（ERASMUS）学者。加拿大联邦政府加拿大研究专项奖（Special Award for Canadian Studies）获得者，加拿大女王大学（Queen’s University）访问学者、希腊塞萨洛尼基亚里士多德大学（AUTH）、巴黎政治大学（Sciences Po）访问学者。北京城市管理学会理事。在公管学院讲授的课程有：城市化与社会发展（Urbanization and Social Development）；可持续发展的综合方法（Integrated Approaches to Sustainable Development）；国土空间规划与发展。并担任国际学生社会实践课程任课教授。 公开发表中英文学术论文39篇，出版中英文学术专著各1部，先后主持纵向、国际合作、清华大学及横向科研项目14项。', '\r\n']"
,姓名,职称,联系方式,资料
0,['于 安'],['清华大学公共管理学院 教授'],[],"['\r\n', '\r\n', '\r\n', '\r\n', '\r\n', '\r\n', '\r\n', '【', '】 ', '\xa0\xa0\xa0\xa0\xa0\xa0\xa0主要的工作领域是政府管理中的公法学问题。具体工作议题包括以下方面：行政法学（新行政法，社会行政法、发展行政法和全球行政法）、政府应急、政府廉洁、政府采购和世界贸易组织政府采购协定、政府与社会资本合作（PPP)和政府特许经营等。近期研究重点是新行政法问题。', '\xa0', '【', '】 ', '\xa0\xa0\xa0\xa0\xa0\xa0\xa0任清华大学公共管理学院的教授和博士生导师、政府研究所所长。 兼任中国法学会行政法研究会副会长、中国法学会世界贸易组织法研究会副会长。', '\xa0', '【', '】 ', '\xa0\xa0\xa0\xa0\xa0\xa0\xa0应中央有关单位的邀请，参与了下述法律法规的起草研究和准备工作：《突发事件应对法》、《政府采购法》、《行政许可法》、《行政诉讼法》、《行政复议法》、《行政处罚法》、《立法法》等；作为中国代表团成员参加了联合国国际贸易法委员会政府采购示范法的修订工作。', '\xa0', '【', '】 ', '\xa0\xa0\xa0\xa0\xa0\xa0\xa0北京市人大常委会法制建设顾问。']"
,姓名,职称,联系方式,资料
0,['俞 乔'],['教授'],[],"['\xa0\xa0\xa0\xa0\xa0\xa0\xa0\xa0清华大学公共管理学院经济与金融学教授，公共经济、金融与治理研究中心主任。在此之前曾为复旦管理学院花旗银行教授，金融系主任。九十年代曾任教于加里伯利大学经济系、新加坡国立大学经济系。1982年获四川大学经济学士学位；1990年获美国密西根州立大学经济学博士学位。国务院发展研究中心基础领域评委、国家社会科学基金评委、中国社科院博士后基金评委、《中国人民银行工作论文》编委、《金融研究》编委、《中国金融学杂志》联合主编。 ', '\xa0\xa0\xa0\xa0\xa0\xa0\xa0\xa0研究领域为货币政策、国际货币体系、公共财政与公共金融、系统性风险与金融危机、信息技术与医保制度变革。在国内外主要学术杂志上发表了大量中英文学术论文。最近的新书有《2014-16年中国股市大波动研究报告》、《中国外汇储备与全球实业投资》、《中国市级政府财政透明度报告》。近年来为美国《纽约时报》、《华尔街日报》、英国《金融时报》等报刊撰写英文专栏文章；2009年起，为布鲁金斯学会20国集团智库（G20 Think-Tank）撰写年度G-20首脑峰会背景政策文稿。 ']"
,姓名,职称,联系方式,资料
0,[],[],[],[]
,姓名,职称,联系方式,资料
0,['张芳'],"['\r\n', '\r\n', '助理教授', '塔夫茨大学博士']",[],['\xa0 \r\n']
,姓名,职称,联系方式,资料
0,['张楠'],['副教授'],[],"['\xa0\xa0\xa0\xa0清华大学经济管理学院管理学博士（2008）、工程物理系工学硕士（2004），美国华盛顿大学（University of Washington）访问学者（2016-2017），德国亚琛工业大学（RWTH Aachen University）访问学者（2008）；曾挂职北京市朝阳区信息化工作办公室主任助理（2006-2007），现兼任中国行政管理学会信息公开与政务服务研究会副秘书长、中国城市科学会数字城市专委会物联网学组副组长、北京市城市管理科技协会理事长、中国软科学研究会理事、住建部信息技术应用标准化委员会委员。 ', '\xa0\xa0\xa0\xa0主要从事电子政务与网络治理、公共大数据与政策信息学、创新2.0与智慧城市发展等方面研究；主持国家自然科学基金、北京市社会科学基金、北京市哲学社会科学规划、城市中国计划等项目，参与国家自然科学基金重大研究计划、重大项目及国家社会科学基金重大项目研究，入选北京市青年社科人才资助（2015）；在《城市发展研究》、《公共管理学报》、《管理科学学报》、《社会学研究》、《系统工程理论与实践》、《中国软科学》、《中国行政管理》和Computer in Human Behavior、Electronic Commerce Research、Government Information Quarterly、Information & Management、Information Processing & Management、Information Systems Frontiers、Journal of Global Information Management、Online Information Review等中英文重要期刊及ASPA、ICIS、HICSS、PACIS、UAA等国际学术会议上发表论文50余篇，出版中、英文学术专著各1部。 开设或参与开设包括：社会研究方法（公共管理学院研究生）、电子政务（MPA）、大数据治理与政策（全校研究生）、大数据分析A（全校研究生）。 ']"
,姓名,职称,联系方式,资料
0,['张鹏龙 '],[],[],"['\r\n', '\xa0\xa0张鹏龙，清华大学公共管理学院助理教授。2018年获得美国波士顿学院经济学博士学位。2017年任美国麻省理工学院斯隆管理学院兼职研究员。2012年、2010年先后获得中国人民大学世界经济专业硕士学位，经济学、数学本科双学位。主要研究领域包括国际贸易、国际发展、国际治理、经济地理。开设课程《发展理论与实践》（英文）、《“一带一路”与全球经济新格 \r\n']"
,姓名,职称,联系方式,资料
0,['张永伟'],"['\r\n', '\r\n', '研究员', '中国人民大学博士']","['电\xa0\xa0\xa0 话：', '电子邮件：']","['\xa0 \r\n', '\xa0\xa0\xa0', '\xa0\xa0\xa0\xa0\xa0\xa0\xa0 张永伟，博士，研究员，现任清华大学21世纪发展研究院副院长。兼任中国电动汽车百人会副理事长兼秘书长，住房和城乡建设部智慧城市专业委员会副主任委员。曾长期任职国务院发展研究中心，从事政策研究，任企业研究所副所长。这期间多次参与国家一些重大政策研究和智库建设工作。在沈阳市任市政府副市长期间，分管工业经济和政策工作，直接参与东北老工业基地振兴发展。2003年获得中国人民大学管理学博士学位，2008年~2010年在清华大学从事博士后研究。', '\xa0\xa0\xa0\xa0\xa0\xa0\xa0 长期从事创新、企业改革、产业发展研究，在国务院发展研究中心从事政策研究15年，并担任国研中心基础领域学术带头人。主持和参与多项有关创新、国企改革、新兴产业、能源等方面的重要课题研究与重大研究任务。', '长期参与并推动我国汽车向电动化、智能化转型发展，推动以应用为导向的智慧城市发展。']"
,姓名,职称,联系方式,资料
0,['赵静'],['副教授'],[],"[' \r\n', '\r\n', '\r\n', ' \r\n', '\r\n', '\r\n', '政策过程理论，产业发展与产业政策，环境治理 ', 'MPA必修课《公共政策分析》 \r\n', ' \r\n', '\r\n', '\r\n', '\xa0', '\xa0', '\xa0']"
,姓名,职称,联系方式,资料
0,['郑振清'],['副教授'],[],"['郑振清，福建厦门人，北京大学博士，清华大学博士后，先后赴美国哈佛大学、新加坡国立大学、台湾大学、淡江大学等学术机构访学交流，2009年9月至今任教于清华大学公共管理学院和清华大学台湾研究院，现为副教授、IMPA硕士项目学术主任、清华学生海峡两岸交流协会指导教师。主要研究方向：比较政治经济与国际政治经济学、比较公共政策、台湾政治经济与两岸关系、中国政府运行与治理。郑振清论文曾获“全国台湾研究优秀成果奖”，合著曾获第十四届“中国图书奖”，2013年入选“北京高等院校青年英才计划”，2014年被评为“清华大学学生社团优秀指导教师”。 ', '北京大学世界现代化进程研究中心研究员、中信改革发展研究院研究员、香港中国评论通讯社评论员等。 ', '中国的统一与台湾问题（清华大学素质教育精品课程）、中国政府运行（学术研究生及MPA研究生）、Comparative Governance and Developmental Practices（for International MPA program）等。 ']"
,姓名,职称,联系方式,资料
0,['钟玮'],"['\r\n', '\r\n', '副教授', '美国亚利桑那州立大学博士']","['电\xa0\xa0\xa0 话：', '电子邮件：']","['\r\n', '\r\n', '\r\n', '\r\n', '\r\n', '【个人简介】 ', '清华大学公共管理学院副教授，2012年获得美国亚利桑那州立大学公共管理博士学位后回国任教至今。 ', '\xa0', '\xa0【主要研究领域】 ', '政策仿真、复杂科学、大数据与可视化决策。', '\xa0', '【主要开设课程】 ', '公共管理、公共政策分析']"
,姓名,职称,联系方式,资料
0,['周绍杰'],['副教授，党委副书记'],[],"['\r\n', '\r\n', '\r\n', '\xa0\xa0\xa0\xa0周绍杰，经济学博士，清华大学公共管理学院长聘副教授、国际发展与全球治理研究所副所长。1994年考入清华大学工程物理系，1999年获得工学学士学位，2002年获得清华大学公共管理学院管理学硕士学位，2007年获得香港中文大学经济系经济学博士学位。2007年9月起，就职清华大学公共管理学院。主要讲授课程为：社会主义建设理论与实践：中国发展与改革（独立授课，MPA）；经济学原理（联合授课，博士生）；政策分析与实证研究方法（联合授课，博士生）；论文设计与写作（联合授课，留学生）。 ', '【主要研究领域】： ', '发展研究与政策；中国经济；国际治理与发展']"
,姓名,职称,联系方式,资料
0,['周源'],[],[],"['\r\n', '\xa0\xa0\xa0\xa0\xa0周源，清华大学长聘副教授、博士生导师、特别研究员；清华大学中国工程科技发展战略研究院副院长，清华大学国家治理与全球治理研究院兼职研究员，清华大学华宇冠名副教授。在新加坡南洋理工大学获学士和硕士学位，在英国剑桥大学获博士学位（科技管理）。2010年，加入清华大学公共管理学院任教至今。获清华大学先进工作者、清华大学精品课程、清华大学年度优秀教学奖、清华大学评教前5%等教学荣誉或奖项。主持国家自科基金、教育部人文社科基金、国家科技重大专项子课题、国家发改委规划研究课题等国家纵向项目20余项。已在《Industrial & Corporate Change》、《Engineering》、《Nano Energy》、《Science and Public Policy》、《中国软科学》等国内外期刊上发表论文共60余篇，其中SSCI检索的国际英文期刊论文30余篇。另发表《创新与战略路线图：理论、方法及应用》、《战略性新兴产业：政策与治理创新研究》等著作4本，并获得北京市哲学社科优秀成果奖、摩根大通金融年度书籍等荣誉。担任《Technovation》和《IEEE Transactions on Engineering Management》等国际权威SSCI期刊的副主编，担任《Technological Forecasting & Social Change》、《R&D Management》、《Scientometrics》等国际权威SSCI期刊编委或客座主编，担任中国工程院院刊《Engineering》的青年编委（工程管理方向），担任Globelics全球经济与创新研究网络理事会执行委员，并为多个SSCI期刊审稿。 \r\n', '研究领域：公共政策、创新管理、创新政策']"
,姓名,职称,联系方式,资料
0,['朱俊明'],['副教授'],[],"['\xa0\xa0\xa0\xa0朱俊明，清华大学公共管理学院副教授，博士生导师，华宇冠名副教授。Journal of Industrial Ecology联合主编，国际产业生态学会提名委员会、期刊委员会成员。获得清华大学2018年度“学术新人奖”，仲英青年学者。朱俊明于清华大学环境学院获得本科、硕士学位，2013年博士毕业于美国马里兰大学公共政策学院，2013-2016年在耶鲁大学森林与环境学院从事博士后研究。', '主要研究方向为资源、环境政策分析与评估、环境治理、产业生态学等。研究获得了国家自然科学基金、美国国家科学基金、清华大学、耶鲁大学等机构的资助，研究成果发表于Nature Communications、Regulation & Governance、Environmental Science & Technology等学术期刊。', '开设课程公共政策分析（英文）、环境气候变化与治理（英文）。', '\r\n', '\xa0']"
,姓名,职称,联系方式,资料
0,['朱旭峰'],['教授、博导'],[],"['\xa0\xa0现任清华大学公共管理学院教授、博士生导师、常务副院长、智库研究中心主任；清华大学全球可持续发展研究院执行院长、清华大学科技发展与治理研究中心副主任。朱旭峰在清华大学先后获得环境工程学士和公共管理学博士学位；2012年回到清华大学工作前，任南开大学周恩来政府管理学院教授。', '研究方向包括政策过程理论、智库和专家参与、环境与气候政策、科技政策、转型与公共治理等。朱旭峰入选国家杰出青年科学基金、首批国家青年拔尖人才支持计划（“万人计划”）、国家优秀青年科学基金、教育部“新世纪优秀人才支持计划”、哈佛大学“燕京学者”，2014年荣获“中国管理学青年奖”。', '兼任中国管理现代化研究会公共管理专业委员会秘书长、中国行政管理学会常务理事、中国软科学研究会常务理事；全国政策科学研究会常务理事、Asian Journal of Political Science地区主编、Journal of Comparative Policy Analysis副主编、Perspectives on Public Management & Governance创刊编委、Policy Sciences、Journal of Contemporary China等国际期刊编委，以及一些智库机构的学术委员会委员等职务。朱旭峰入选中国网“2014年中国智库建设十大代表人物”和中青网“改革开放40年智库建设40人”。', '【开设课程】 ', '公共政策I（硕士生）', '公共政策II（博士生，合开）', '社会科学研究方法II（博士生）', '社会政策概论（本科生）', '\xa0']"
,姓名,职称,联系方式,资料
0,[],[],[],[]
